id,'last_name','first_name','middle_name','address','department_id','country_id','state_id','city_id','zip_code','birthdate','date_hired'
1,'Kelvin Keeling DDS','Kelvin Keeling DDS','Kelvin Keeling DDS','address',1,1,1,1,'488501','2022-08-09','2022-08-09'
2,'Miss Rosetta O\'Conner','Miss Rosetta O\'Conner','Miss Rosetta O\'Conner','address',1,1,1,1,'457765','2022-08-09','2022-08-09'
3,'Jessica Hudson','Jessica Hudson','Jessica Hudson','address',1,1,1,1,'477584','2022-08-09','2022-08-09'
4,'Sheila Mann','Sheila Mann','Sheila Mann','address',1,1,1,1,'437060','2022-08-09','2022-08-09'
5,'Daniela Spencer','Daniela Spencer','Daniela Spencer','address',1,1,1,1,'474097','2022-08-09','2022-08-09'
6,'Adonis Hickle','Adonis Hickle','Adonis Hickle','address',1,1,1,1,'433213','2022-08-09','2022-08-09'
7,'Victoria Kautzer','Victoria Kautzer','Victoria Kautzer','address',1,1,1,1,'416309','2022-08-09','2022-08-09'
8,'Abbie Pacocha MD','Abbie Pacocha MD','Abbie Pacocha MD','address',1,1,1,1,'436911','2022-08-09','2022-08-09'
9,'Ernesto Deckow','Ernesto Deckow','Ernesto Deckow','address',1,1,1,1,'484944','2022-08-09','2022-08-09'
10,'Mrs. Vada O\'Kon V','Mrs. Vada O\'Kon V','Mrs. Vada O\'Kon V','address',1,1,1,1,'400679','2022-08-09','2022-08-09'
11,'Barbara Jacobson','Barbara Jacobson','Barbara Jacobson','address',1,1,1,1,'469441','2022-08-09','2022-08-09'
12,'Maximillia Lindgren','Maximillia Lindgren','Maximillia Lindgren','address',1,1,1,1,'454765','2022-08-09','2022-08-09'
13,'Mr. Julio Turner','Mr. Julio Turner','Mr. Julio Turner','address',1,1,1,1,'431639','2022-08-09','2022-08-09'
14,'Dayne O\'Kon','Dayne O\'Kon','Dayne O\'Kon','address',1,1,1,1,'479551','2022-08-09','2022-08-09'
15,'Prof. Ulices Schiller','Prof. Ulices Schiller','Prof. Ulices Schiller','address',1,1,1,1,'406236','2022-08-09','2022-08-09'
16,'Jody Volkman','Jody Volkman','Jody Volkman','address',1,1,1,1,'482609','2022-08-09','2022-08-09'
17,'Delfina Schuster','Delfina Schuster','Delfina Schuster','address',1,1,1,1,'423841','2022-08-09','2022-08-09'
18,'Dillan Feeney','Dillan Feeney','Dillan Feeney','address',1,1,1,1,'462243','2022-08-09','2022-08-09'
19,'Lupe Jacobi Sr.','Lupe Jacobi Sr.','Lupe Jacobi Sr.','address',1,1,1,1,'451551','2022-08-09','2022-08-09'
20,'Adolph Purdy','Adolph Purdy','Adolph Purdy','address',1,1,1,1,'440300','2022-08-09','2022-08-09'
21,'Isaiah Nitzsche','Isaiah Nitzsche','Isaiah Nitzsche','address',1,1,1,1,'434700','2022-08-09','2022-08-09'
22,'Dr. Reid Romaguera','Dr. Reid Romaguera','Dr. Reid Romaguera','address',1,1,1,1,'410920','2022-08-09','2022-08-09'
23,'Adolf Lebsack','Adolf Lebsack','Adolf Lebsack','address',1,1,1,1,'409708','2022-08-09','2022-08-09'
24,'Art Gaylord','Art Gaylord','Art Gaylord','address',1,1,1,1,'441563','2022-08-09','2022-08-09'
25,'Louie Walsh','Louie Walsh','Louie Walsh','address',1,1,1,1,'424500','2022-08-09','2022-08-09'
26,'Dr. Amalia Hickle I','Dr. Amalia Hickle I','Dr. Amalia Hickle I','address',1,1,1,1,'446234','2022-08-09','2022-08-09'
27,'Dr. Oliver McKenzie','Dr. Oliver McKenzie','Dr. Oliver McKenzie','address',1,1,1,1,'476614','2022-08-09','2022-08-09'
28,'Jerrold Willms','Jerrold Willms','Jerrold Willms','address',1,1,1,1,'437751','2022-08-09','2022-08-09'
29,'Carol Rogahn','Carol Rogahn','Carol Rogahn','address',1,1,1,1,'441551','2022-08-09','2022-08-09'
30,'Hannah Reichert V','Hannah Reichert V','Hannah Reichert V','address',1,1,1,1,'413423','2022-08-09','2022-08-09'
31,'Christiana Lebsack','Christiana Lebsack','Christiana Lebsack','address',1,1,1,1,'417317','2022-08-09','2022-08-09'
32,'Miss Maye Fisher','Miss Maye Fisher','Miss Maye Fisher','address',1,1,1,1,'431097','2022-08-09','2022-08-09'
33,'Lizzie Nader','Lizzie Nader','Lizzie Nader','address',1,1,1,1,'495766','2022-08-09','2022-08-09'
34,'Mr. Kurt Conroy MD','Mr. Kurt Conroy MD','Mr. Kurt Conroy MD','address',1,1,1,1,'491468','2022-08-09','2022-08-09'
35,'Prof. Kellie Kerluke DVM','Prof. Kellie Kerluke DVM','Prof. Kellie Kerluke DVM','address',1,1,1,1,'453451','2022-08-09','2022-08-09'
36,'Dr. Arnold Becker DDS','Dr. Arnold Becker DDS','Dr. Arnold Becker DDS','address',1,1,1,1,'401416','2022-08-09','2022-08-09'
37,'Walker Bosco','Walker Bosco','Walker Bosco','address',1,1,1,1,'448619','2022-08-09','2022-08-09'
38,'Amya Wilderman Sr.','Amya Wilderman Sr.','Amya Wilderman Sr.','address',1,1,1,1,'401724','2022-08-09','2022-08-09'
39,'Trudie Kuhn','Trudie Kuhn','Trudie Kuhn','address',1,1,1,1,'423415','2022-08-09','2022-08-09'
40,'Mr. Marley Rath I','Mr. Marley Rath I','Mr. Marley Rath I','address',1,1,1,1,'458973','2022-08-09','2022-08-09'
41,'Rodrick Reichel','Rodrick Reichel','Rodrick Reichel','address',1,1,1,1,'480727','2022-08-09','2022-08-09'
42,'Ms. Makenzie Donnelly','Ms. Makenzie Donnelly','Ms. Makenzie Donnelly','address',1,1,1,1,'460800','2022-08-09','2022-08-09'
43,'Jarod West','Jarod West','Jarod West','address',1,1,1,1,'493227','2022-08-09','2022-08-09'
44,'Earnestine Hermiston','Earnestine Hermiston','Earnestine Hermiston','address',1,1,1,1,'459405','2022-08-09','2022-08-09'
45,'Josie Dietrich V','Josie Dietrich V','Josie Dietrich V','address',1,1,1,1,'416517','2022-08-09','2022-08-09'
46,'Petra Rosenbaum IV','Petra Rosenbaum IV','Petra Rosenbaum IV','address',1,1,1,1,'457464','2022-08-09','2022-08-09'
47,'Althea Ruecker','Althea Ruecker','Althea Ruecker','address',1,1,1,1,'450861','2022-08-09','2022-08-09'
48,'Krista Lebsack','Krista Lebsack','Krista Lebsack','address',1,1,1,1,'402086','2022-08-09','2022-08-09'
49,'Rahul McCullough','Rahul McCullough','Rahul McCullough','address',1,1,1,1,'431956','2022-08-09','2022-08-09'
50,'Cloyd Bernhard','Cloyd Bernhard','Cloyd Bernhard','address',1,1,1,1,'449247','2022-08-09','2022-08-09'
51,'Prof. Giovanny Ritchie','Prof. Giovanny Ritchie','Prof. Giovanny Ritchie','address',1,1,1,1,'428317','2022-08-09','2022-08-09'
52,'Joelle Frami','Joelle Frami','Joelle Frami','address',1,1,1,1,'454611','2022-08-09','2022-08-09'
53,'Timothy Hirthe','Timothy Hirthe','Timothy Hirthe','address',1,1,1,1,'423504','2022-08-09','2022-08-09'
54,'Mr. Milo Sporer III','Mr. Milo Sporer III','Mr. Milo Sporer III','address',1,1,1,1,'454098','2022-08-09','2022-08-09'
55,'Lisette D\'Amore PhD','Lisette D\'Amore PhD','Lisette D\'Amore PhD','address',1,1,1,1,'464895','2022-08-09','2022-08-09'
56,'Hope Fritsch','Hope Fritsch','Hope Fritsch','address',1,1,1,1,'439501','2022-08-09','2022-08-09'
57,'Maximillia Walter','Maximillia Walter','Maximillia Walter','address',1,1,1,1,'426981','2022-08-09','2022-08-09'
58,'Stella Marquardt','Stella Marquardt','Stella Marquardt','address',1,1,1,1,'453081','2022-08-09','2022-08-09'
59,'Prof. Myles Jenkins II','Prof. Myles Jenkins II','Prof. Myles Jenkins II','address',1,1,1,1,'449613','2022-08-09','2022-08-09'
60,'Mr. Vladimir Daugherty III','Mr. Vladimir Daugherty III','Mr. Vladimir Daugherty III','address',1,1,1,1,'487671','2022-08-09','2022-08-09'
61,'Tamara Bayer','Tamara Bayer','Tamara Bayer','address',1,1,1,1,'417950','2022-08-09','2022-08-09'
62,'Dr. Theo Hamill I','Dr. Theo Hamill I','Dr. Theo Hamill I','address',1,1,1,1,'481593','2022-08-09','2022-08-09'
63,'Ms. Caterina Roob','Ms. Caterina Roob','Ms. Caterina Roob','address',1,1,1,1,'454789','2022-08-09','2022-08-09'
64,'Prof. Kyleigh Kilback Sr.','Prof. Kyleigh Kilback Sr.','Prof. Kyleigh Kilback Sr.','address',1,1,1,1,'467284','2022-08-09','2022-08-09'
65,'Christophe Mann','Christophe Mann','Christophe Mann','address',1,1,1,1,'484294','2022-08-09','2022-08-09'
66,'Kris Cormier','Kris Cormier','Kris Cormier','address',1,1,1,1,'433821','2022-08-09','2022-08-09'
67,'Arnulfo Hoppe PhD','Arnulfo Hoppe PhD','Arnulfo Hoppe PhD','address',1,1,1,1,'400479','2022-08-09','2022-08-09'
68,'Fredy Boyle','Fredy Boyle','Fredy Boyle','address',1,1,1,1,'415097','2022-08-09','2022-08-09'
69,'Tommie Parisian','Tommie Parisian','Tommie Parisian','address',1,1,1,1,'442933','2022-08-09','2022-08-09'
70,'Milford Schoen','Milford Schoen','Milford Schoen','address',1,1,1,1,'467214','2022-08-09','2022-08-09'
71,'Urban Baumbach IV','Urban Baumbach IV','Urban Baumbach IV','address',1,1,1,1,'483668','2022-08-09','2022-08-09'
72,'Prof. Javon Waters Sr.','Prof. Javon Waters Sr.','Prof. Javon Waters Sr.','address',1,1,1,1,'419915','2022-08-09','2022-08-09'
73,'Mr. Weston Heidenreich','Mr. Weston Heidenreich','Mr. Weston Heidenreich','address',1,1,1,1,'450403','2022-08-09','2022-08-09'
74,'Sheldon Sanford III','Sheldon Sanford III','Sheldon Sanford III','address',1,1,1,1,'476012','2022-08-09','2022-08-09'
75,'Ms. Shyann Bernhard III','Ms. Shyann Bernhard III','Ms. Shyann Bernhard III','address',1,1,1,1,'468163','2022-08-09','2022-08-09'
76,'Tess Macejkovic','Tess Macejkovic','Tess Macejkovic','address',1,1,1,1,'482008','2022-08-09','2022-08-09'
77,'Geraldine Baumbach','Geraldine Baumbach','Geraldine Baumbach','address',1,1,1,1,'476848','2022-08-09','2022-08-09'
78,'Mrs. Carolina Keebler','Mrs. Carolina Keebler','Mrs. Carolina Keebler','address',1,1,1,1,'472234','2022-08-09','2022-08-09'
79,'Barrett Harvey IV','Barrett Harvey IV','Barrett Harvey IV','address',1,1,1,1,'490695','2022-08-09','2022-08-09'
80,'Prof. Austen Hayes I','Prof. Austen Hayes I','Prof. Austen Hayes I','address',1,1,1,1,'473565','2022-08-09','2022-08-09'
81,'Miss Aliyah Stehr DDS','Miss Aliyah Stehr DDS','Miss Aliyah Stehr DDS','address',1,1,1,1,'445362','2022-08-09','2022-08-09'
82,'Augustine Schmitt','Augustine Schmitt','Augustine Schmitt','address',1,1,1,1,'432861','2022-08-09','2022-08-09'
83,'Nelda Labadie','Nelda Labadie','Nelda Labadie','address',1,1,1,1,'429173','2022-08-09','2022-08-09'
84,'Gay Kshlerin II','Gay Kshlerin II','Gay Kshlerin II','address',1,1,1,1,'419950','2022-08-09','2022-08-09'
85,'Kelsi Kihn IV','Kelsi Kihn IV','Kelsi Kihn IV','address',1,1,1,1,'401605','2022-08-09','2022-08-09'
86,'Mr. Jonathon Moore','Mr. Jonathon Moore','Mr. Jonathon Moore','address',1,1,1,1,'401934','2022-08-09','2022-08-09'
87,'Muhammad Witting V','Muhammad Witting V','Muhammad Witting V','address',1,1,1,1,'430561','2022-08-09','2022-08-09'
88,'Mr. Fernando Ruecker','Mr. Fernando Ruecker','Mr. Fernando Ruecker','address',1,1,1,1,'460151','2022-08-09','2022-08-09'
89,'Dr. Jayden Zemlak PhD','Dr. Jayden Zemlak PhD','Dr. Jayden Zemlak PhD','address',1,1,1,1,'417397','2022-08-09','2022-08-09'
90,'Dee Stokes MD','Dee Stokes MD','Dee Stokes MD','address',1,1,1,1,'460943','2022-08-09','2022-08-09'
91,'Ashleigh Will','Ashleigh Will','Ashleigh Will','address',1,1,1,1,'433826','2022-08-09','2022-08-09'
92,'Dr. Maribel Quitzon Jr.','Dr. Maribel Quitzon Jr.','Dr. Maribel Quitzon Jr.','address',1,1,1,1,'457843','2022-08-09','2022-08-09'
93,'Mrs. Cydney Borer V','Mrs. Cydney Borer V','Mrs. Cydney Borer V','address',1,1,1,1,'420260','2022-08-09','2022-08-09'
94,'Connie Smith','Connie Smith','Connie Smith','address',1,1,1,1,'458929','2022-08-09','2022-08-09'
95,'Jalyn Christiansen','Jalyn Christiansen','Jalyn Christiansen','address',1,1,1,1,'404338','2022-08-09','2022-08-09'
96,'Dr. Conor Lesch','Dr. Conor Lesch','Dr. Conor Lesch','address',1,1,1,1,'419414','2022-08-09','2022-08-09'
97,'Ahmad Bednar','Ahmad Bednar','Ahmad Bednar','address',1,1,1,1,'496885','2022-08-09','2022-08-09'
98,'Prof. Rachel Hodkiewicz MD','Prof. Rachel Hodkiewicz MD','Prof. Rachel Hodkiewicz MD','address',1,1,1,1,'404157','2022-08-09','2022-08-09'
99,'Christiano','Rohando','John','address',4,4,12,13,'495528','2022-08-09','2022-08-09'
100,'Dsouza','Rohan','Jones','address',4,9,11,1,'450770','2022-08-09','2022-08-09'
